run_tag,script,dataset,n_molecules,steps,seed,final_train_loss,passed,git,task,split,label_budget,ssl_method,n_seeds,test_auroc_mean,test_auroc_std,test_ece_mean,n_train,test_rmse_mean,test_rmse_std,n_pool_dropped,final_mask_loss,random_auroc_mean,inflation_auroc_mean
0825_1609_overfit_check,overfit100,BBBP,100,400,0,0.00291964178904891,True,859fa9f,,,,,,,,,,,,,,,
0825_1617_tox21_ecfp_rf,run_ecfp_baseline,Tox21,,,,,,28407e2,classification,scaffold,1.0,none_ecfp4_rf,5,0.6976974986396896,0.001748355485680924,0.013898551447033548,6258,,,,,,
0825_1622_bbbp_ecfp_rf,run_ecfp_baseline,BBBP,,,,,,e20bff8,classification,scaffold,1.0,none_ecfp4_rf,5,0.7971414845063656,0.007182280272748538,0.0727550116713352,1631,,,,,,
0825_1622_bace_ecfp_rf,run_ecfp_baseline,BACE,,,,,,04087af,classification,scaffold,1.0,none_ecfp4_rf,5,0.9174467150076906,0.004184725180778869,0.0843032926065163,1210,,,,,,
0825_1623_lipo_ecfp_rf,run_ecfp_baseline,Lipo,,,,,,16cd3c9,regression,scaffold,1.0,none_ecfp4_rf,5,,,,3360,1.0277965283577948,0.0020155115515273067,,,,
0825_1614_tox21_gine_sup,run_baseline,Tox21,,,,,,68e146c,classification,scaffold,1.0,none,5,0.7383016033218206,0.009824995174274542,0.016736262095155878,6258,,,,,,
0825_1643_pool_zinc250k,build_pool,pool,,,,,,060cb56,,,,none,,,,,239120,,,10335,,,
0825_1650_bbbp_gine_sup,run_baseline,BBBP,,,,,,ee5e412,classification,scaffold,1.0,none,5,0.6890703819361037,0.07299414970154362,0.08722239744429494,1631,,,,,,
0825_1659_bace_gine_sup,run_baseline,BACE,,,,,,ee5e412,classification,scaffold,1.0,none,5,0.8199077125906393,0.02599373902736347,0.15600378607448778,1210,,,,,,
0825_1646_pretrain_zinc250k,run_pretrain,pool,,,,,,ee5e412,,,,pretrain_attrmask,1,,,,239120,,,,0.03383896525509284,,
0825_1709_lipo_gine_sup,run_baseline,Lipo,,,,,,ee5e412,regression,scaffold,1.0,none,5,,,,3360,0.8254167199134826,0.0332299406270323,,,,
0825_1641_tox21_splitgap,run_split_comparison,Tox21,,,,,,ee5e412,classification,scaffold_vs_random,1.0,none,5,0.7383100474357213,0.007048613920780293,,,,,,,0.8225813548642774,0.08427130742855622
0825_1756_tox21_sweep_none_0.05,run_label_budget_sweep,Tox21,,,,,,65a8bd5,classification,scaffold,0.05,none,5,0.6309835334600831,0.02760683256983696,,313,,,,,,
0825_1756_tox21_sweep_none_0.1,run_label_budget_sweep,Tox21,,,,,,65a8bd5,classification,scaffold,0.1,none,5,0.6626713304498373,0.02375095586121745,,626,,,,,,
0825_1756_tox21_sweep_none_0.25,run_label_budget_sweep,Tox21,,,,,,65a8bd5,classification,scaffold,0.25,none,5,0.6862553319690895,0.02863003351565105,,1564,,,,,,
0825_1756_tox21_sweep_none_0.5,run_label_budget_sweep,Tox21,,,,,,65a8bd5,classification,scaffold,0.5,none,5,0.7222965509354153,0.014465269856668348,,3129,,,,,,
0825_1756_tox21_sweep_none_1.0,run_label_budget_sweep,Tox21,,,,,,65a8bd5,classification,scaffold,1.0,none,5,0.7248514330400068,0.020531718847922542,,6258,,,,,,
0825_1756_tox21_sweep_pretrain_0.05,run_label_budget_sweep,Tox21,,,,,,65a8bd5,classification,scaffold,0.05,pretrain,5,0.6341941096054412,0.022082052657160907,,313,,,,,,
0825_1756_tox21_sweep_pretrain_0.1,run_label_budget_sweep,Tox21,,,,,,65a8bd5,classification,scaffold,0.1,pretrain,5,0.6672053991449947,0.020523714851693197,,626,,,,,,
0825_1756_tox21_sweep_pretrain_0.25,run_label_budget_sweep,Tox21,,,,,,65a8bd5,classification,scaffold,0.25,pretrain,5,0.6783542596724127,0.01968234702016061,,1564,,,,,,
0825_1756_tox21_sweep_pretrain_0.5,run_label_budget_sweep,Tox21,,,,,,65a8bd5,classification,scaffold,0.5,pretrain,5,0.7227431066243386,0.008967772222912895,,3129,,,,,,
0825_1756_tox21_sweep_pretrain_1.0,run_label_budget_sweep,Tox21,,,,,,65a8bd5,classification,scaffold,1.0,pretrain,5,0.7501507668416549,0.010676101846079662,,6258,,,,,,
0903_1451_smoke_pcba,run_pretrain_graph,PCBA,,,,,,e686ddf,,,,pretrain_graph,1,,,,2888,,,112,0.2933614152455264,,
0903_1501_pretrain_pcba_graph,run_pretrain_graph,PCBA,,,,,,e686ddf,,,,pretrain_graph,1,,,,419118,,,18809,0.03636007960531205,,
0903_1516_pretrain_pcba_nodegraph,run_pretrain_graph,PCBA,,,,,,e686ddf,,,,pretrain_node_graph,1,,,,419118,,,18809,0.03515419820371984,,
0903_1610_tox21_2x2_none_0.05,run_label_budget_sweep,Tox21,,,,,,e686ddf,classification,scaffold,0.05,none,5,0.6170919427890691,0.019604061083534262,,313,,,,,,
0903_1610_tox21_2x2_none_0.1,run_label_budget_sweep,Tox21,,,,,,e686ddf,classification,scaffold,0.1,none,5,0.6603444769310568,0.02021303982552319,,626,,,,,,
0903_1610_tox21_2x2_none_0.25,run_label_budget_sweep,Tox21,,,,,,e686ddf,classification,scaffold,0.25,none,5,0.6871990911698298,0.017063645288803452,,1564,,,,,,
0903_1610_tox21_2x2_none_0.5,run_label_budget_sweep,Tox21,,,,,,e686ddf,classification,scaffold,0.5,none,5,0.7130388248790016,0.014931122860718139,,3129,,,,,,
0903_1610_tox21_2x2_none_1.0,run_label_budget_sweep,Tox21,,,,,,e686ddf,classification,scaffold,1.0,none,5,0.7372775788651966,0.005962169977538451,,6258,,,,,,
0903_1610_tox21_2x2_graph_0.05,run_label_budget_sweep,Tox21,,,,,,e686ddf,classification,scaffold,0.05,graph,5,0.6785595766906032,0.01822691041884784,,313,,,,,,
0903_1610_tox21_2x2_graph_0.1,run_label_budget_sweep,Tox21,,,,,,e686ddf,classification,scaffold,0.1,graph,5,0.6987143947487816,0.018914341428886785,,626,,,,,,
0903_1610_tox21_2x2_graph_0.25,run_label_budget_sweep,Tox21,,,,,,e686ddf,classification,scaffold,0.25,graph,5,0.7250258940222453,0.004705901006026499,,1564,,,,,,
0903_1610_tox21_2x2_graph_0.5,run_label_budget_sweep,Tox21,,,,,,e686ddf,classification,scaffold,0.5,graph,5,0.7524045835690274,0.013892592130441835,,3129,,,,,,
0903_1610_tox21_2x2_graph_1.0,run_label_budget_sweep,Tox21,,,,,,e686ddf,classification,scaffold,1.0,graph,5,0.764624786052991,0.008297617046830293,,6258,,,,,,
0903_1610_tox21_2x2_node_graph_0.05,run_label_budget_sweep,Tox21,,,,,,e686ddf,classification,scaffold,0.05,node_graph,5,0.6923691425991687,0.02787756369904941,,313,,,,,,
0903_1610_tox21_2x2_node_graph_0.1,run_label_budget_sweep,Tox21,,,,,,e686ddf,classification,scaffold,0.1,node_graph,5,0.7171233953906653,0.011414543396424478,,626,,,,,,
0903_1610_tox21_2x2_node_graph_0.25,run_label_budget_sweep,Tox21,,,,,,e686ddf,classification,scaffold,0.25,node_graph,5,0.7344731451373572,0.008913949277363506,,1564,,,,,,
0903_1610_tox21_2x2_node_graph_0.5,run_label_budget_sweep,Tox21,,,,,,e686ddf,classification,scaffold,0.5,node_graph,5,0.7517800998674795,0.010293674944514447,,3129,,,,,,
0903_1610_tox21_2x2_node_graph_1.0,run_label_budget_sweep,Tox21,,,,,,e686ddf,classification,scaffold,1.0,node_graph,5,0.7683978254231578,0.013202691463380536,,6258,,,,,,
0903_1750_tox21_2x2_full_none_0.05,run_label_budget_sweep,Tox21,,,,,,e686ddf,classification,scaffold,0.05,none,5,0.6214544530057899,0.044229300126225723,,313,,,,,,
0903_1750_tox21_2x2_full_none_0.1,run_label_budget_sweep,Tox21,,,,,,e686ddf,classification,scaffold,0.1,none,5,0.6253482620422895,0.029069757127903696,,626,,,,,,
0903_1750_tox21_2x2_full_none_0.25,run_label_budget_sweep,Tox21,,,,,,e686ddf,classification,scaffold,0.25,none,5,0.6937225046598579,0.011394142485099958,,1564,,,,,,
0903_1750_tox21_2x2_full_none_0.5,run_label_budget_sweep,Tox21,,,,,,e686ddf,classification,scaffold,0.5,none,5,0.7083451565505485,0.0197889688589888,,3129,,,,,,
0903_1750_tox21_2x2_full_none_1.0,run_label_budget_sweep,Tox21,,,,,,e686ddf,classification,scaffold,1.0,none,5,0.7292649071354251,0.006274854472381391,,6258,,,,,,
0903_1750_tox21_2x2_full_node_0.05,run_label_budget_sweep,Tox21,,,,,,e686ddf,classification,scaffold,0.05,node,5,0.6368362242801656,0.027697382201356063,,313,,,,,,
0903_1750_tox21_2x2_full_node_0.1,run_label_budget_sweep,Tox21,,,,,,e686ddf,classification,scaffold,0.1,node,5,0.6630724069495517,0.031554901240207066,,626,,,,,,
0903_1750_tox21_2x2_full_node_0.25,run_label_budget_sweep,Tox21,,,,,,e686ddf,classification,scaffold,0.25,node,5,0.6879287700900873,0.01810398793208828,,1564,,,,,,
0903_1750_tox21_2x2_full_node_0.5,run_label_budget_sweep,Tox21,,,,,,e686ddf,classification,scaffold,0.5,node,5,0.7193552280459159,0.007334372551592016,,3129,,,,,,
0903_1750_tox21_2x2_full_node_1.0,run_label_budget_sweep,Tox21,,,,,,e686ddf,classification,scaffold,1.0,node,5,0.75049124686021,0.01058037412310234,,6258,,,,,,
0903_1750_tox21_2x2_full_graph_0.05,run_label_budget_sweep,Tox21,,,,,,e686ddf,classification,scaffold,0.05,graph,5,0.6744681202614821,0.020803569779053777,,313,,,,,,
0903_1750_tox21_2x2_full_graph_0.1,run_label_budget_sweep,Tox21,,,,,,e686ddf,classification,scaffold,0.1,graph,5,0.6969774776524654,0.01959674879314907,,626,,,,,,
0903_1750_tox21_2x2_full_graph_0.25,run_label_budget_sweep,Tox21,,,,,,e686ddf,classification,scaffold,0.25,graph,5,0.7228807396537749,0.007986553500683159,,1564,,,,,,
0903_1750_tox21_2x2_full_graph_0.5,run_label_budget_sweep,Tox21,,,,,,e686ddf,classification,scaffold,0.5,graph,5,0.7502392922484813,0.007395576768233595,,3129,,,,,,
0903_1750_tox21_2x2_full_graph_1.0,run_label_budget_sweep,Tox21,,,,,,e686ddf,classification,scaffold,1.0,graph,5,0.7570755627043073,0.011984599018036016,,6258,,,,,,
0903_1750_tox21_2x2_full_node_graph_0.05,run_label_budget_sweep,Tox21,,,,,,e686ddf,classification,scaffold,0.05,node_graph,5,0.6936296674626403,0.030739464518148144,,313,,,,,,
0903_1750_tox21_2x2_full_node_graph_0.1,run_label_budget_sweep,Tox21,,,,,,e686ddf,classification,scaffold,0.1,node_graph,5,0.7167814134241615,0.011847203785645214,,626,,,,,,
0903_1750_tox21_2x2_full_node_graph_0.25,run_label_budget_sweep,Tox21,,,,,,e686ddf,classification,scaffold,0.25,node_graph,5,0.7300171637456149,0.013764308196162601,,1564,,,,,,
0903_1750_tox21_2x2_full_node_graph_0.5,run_label_budget_sweep,Tox21,,,,,,e686ddf,classification,scaffold,0.5,node_graph,5,0.7553614423233395,0.011981819042947615,,3129,,,,,,
0903_1750_tox21_2x2_full_node_graph_1.0,run_label_budget_sweep,Tox21,,,,,,e686ddf,classification,scaffold,1.0,node_graph,5,0.7676421525405112,0.017933701768664607,,6258,,,,,,
